-- phpMyAdmin SQL Dump
-- version 5.2.1
-- https://www.phpmyadmin.net/
--
-- Servidor: 127.0.0.1
-- Tiempo de generación: 25-04-2026 a las 01:14:18
-- Versión del servidor: 10.4.32-MariaDB
-- Versión de PHP: 8.2.12

SET SQL_MODE = "NO_AUTO_VALUE_ON_ZERO";
START TRANSACTION;
SET time_zone = "+00:00";


/*!40101 SET @OLD_CHARACTER_SET_CLIENT=@@CHARACTER_SET_CLIENT */;
/*!40101 SET @OLD_CHARACTER_SET_RESULTS=@@CHARACTER_SET_RESULTS */;
/*!40101 SET @OLD_COLLATION_CONNECTION=@@COLLATION_CONNECTION */;
/*!40101 SET NAMES utf8mb4 */;

--
-- Base de datos: `proyecto`
--

-- --------------------------------------------------------

--
-- Estructura de tabla para la tabla `asistencia`
--

CREATE TABLE `asistencia` (
  `id` int(11) NOT NULL,
  `profesorID` int(11) NOT NULL,
  `entrada` time NOT NULL,
  `salida` time NOT NULL,
  `fecha` date NOT NULL,
  `estado` varchar(50) NOT NULL,
  `tardanza` int(11) NOT NULL
) ENGINE=InnoDB DEFAULT CHARSET=latin1 COLLATE=latin1_swedish_ci;

--
-- Volcado de datos para la tabla `asistencia`
--

INSERT INTO `asistencia` (`id`, `profesorID`, `entrada`, `salida`, `fecha`, `estado`, `tardanza`) VALUES
(1, 13, '18:47:23', '18:53:54', '2026-04-24', '2', 1);

-- --------------------------------------------------------

--
-- Estructura de tabla para la tabla `aulas`
--

CREATE TABLE `aulas` (
  `numero` text NOT NULL
) ENGINE=InnoDB DEFAULT CHARSET=utf8mb4 COLLATE=utf8mb4_general_ci;

--
-- Volcado de datos para la tabla `aulas`
--

INSERT INTO `aulas` (`numero`) VALUES
('12'),
('13');

-- --------------------------------------------------------

--
-- Estructura de tabla para la tabla `caras`
--

CREATE TABLE `caras` (
  `id` int(11) NOT NULL,
  `nombre` varchar(100) NOT NULL,
  `descriptores` longtext CHARACTER SET utf8mb4 COLLATE utf8mb4_bin NOT NULL CHECK (json_valid(`descriptores`)),
  `activo` tinyint(1) NOT NULL,
  `tags` longtext CHARACTER SET utf8mb4 COLLATE utf8mb4_bin DEFAULT NULL CHECK (json_valid(`tags`))
) ENGINE=InnoDB DEFAULT CHARSET=latin1 COLLATE=latin1_swedish_ci;

--
-- Volcado de datos para la tabla `caras`
--

INSERT INTO `caras` (`id`, `nombre`, `descriptores`, `activo`, `tags`) VALUES
(1, 'Aaron García', '[{\"0\":-0.12446830421686172,\"1\":0.0718517154455185,\"2\":0.04862625151872635,\"3\":-0.04344094172120094,\"4\":-0.04956116899847984,\"5\":-0.06436990201473236,\"6\":-0.10168628394603729,\"7\":-0.1163516491651535,\"8\":0.1461958885192871,\"9\":-0.09330761432647705,\"10\":0.2606125771999359,\"11\":-0.03220629319548607,\"12\":-0.13841097056865692,\"13\":-0.12055911123752594,\"14\":-0.02302701771259308,\"15\":0.1788356751203537,\"16\":-0.13820284605026245,\"17\":-0.13051949441432953,\"18\":-0.07617318630218506,\"19\":-0.04462619870901108,\"20\":0.043531011790037155,\"21\":0.010741041973233223,\"22\":0.014376076869666576,\"23\":0.06087316572666168,\"24\":-0.16411162912845612,\"25\":-0.38743504881858826,\"26\":-0.1424819529056549,\"27\":-0.11224225163459778,\"28\":-0.05481143668293953,\"29\":-0.0912623181939125,\"30\":-0.08380130678415298,\"31\":0.06048247218132019,\"32\":-0.16524279117584229,\"33\":-0.08900117874145508,\"34\":0.023058567196130753,\"35\":0.1022171676158905,\"36\":0.038021769374608994,\"37\":-0.002825311850756407,\"38\":0.1762431263923645,\"39\":0.030956432223320007,\"40\":-0.20504777133464813,\"41\":0.022617854177951813,\"42\":0.08137191087007523,\"43\":0.2778507471084595,\"44\":0.21141062676906586,\"45\":0.08740722388029099,\"46\":0.034192174673080444,\"47\":-0.06028613820672035,\"48\":0.07334296405315399,\"49\":-0.1513066440820694,\"50\":0.06513640284538269,\"51\":0.11497213691473007,\"52\":0.0727706179022789,\"53\":0.08953141421079636,\"54\":0.016829708591103554,\"55\":-0.08064572513103485,\"56\":0.013897682540118694,\"57\":0.07320396602153778,\"58\":-0.1253112554550171,\"59\":-0.02987855300307274,\"60\":0.04577826336026192,\"61\":-0.10846730321645737,\"62\":-0.015515911392867565,\"63\":-0.00755790201947093,\"64\":0.2813864052295685,\"65\":0.1303769201040268,\"66\":-0.09427785128355026,\"67\":-0.10386596620082855,\"68\":0.13462211191654205,\"69\":-0.12612555921077728,\"70\":-0.08451367169618607,\"71\":-0.0022026931401342154,\"72\":-0.17445780336856842,\"73\":-0.15028804540634155,\"74\":-0.34450939297676086,\"75\":0.05659915879368782,\"76\":0.4696229100227356,\"77\":0.08221962302923203,\"78\":-0.23018842935562134,\"79\":0.0417613685131073,\"80\":-0.06920161843299866,\"81\":-0.04219263046979904,\"82\":0.15217609703540802,\"83\":0.11594431102275848,\"84\":-0.0037689495366066694,\"85\":0.01763121783733368,\"86\":-0.06944597512483597,\"87\":0.030511483550071716,\"88\":0.26290032267570496,\"89\":-0.022662341594696045,\"90\":-0.014247898943722248,\"91\":0.1553518921136856,\"92\":0.001869912026450038,\"93\":0.0878111869096756,\"94\":0.06601762026548386,\"95\":0.05372478812932968,\"96\":-0.044756196439266205,\"97\":0.02088899537920952,\"98\":-0.11813151836395264,\"99\":0.03200531378388405,\"100\":0.005451587960124016,\"101\":0.030579958111047745,\"102\":-0.008512263186275959,\"103\":0.10503910481929779,\"104\":-0.1416260153055191,\"105\":0.11404047906398773,\"106\":0.05902007594704628,\"107\":-0.034056905657052994,\"108\":-0.020870428532361984,\"109\":0.07803939282894135,\"110\":-0.07343944162130356,\"111\":-0.14223259687423706,\"112\":0.10549891740083694,\"113\":-0.19430598616600037,\"114\":0.16167131066322327,\"115\":0.18704618513584137,\"116\":0.008384437300264835,\"117\":0.1597314327955246,\"118\":0.07026184350252151,\"119\":0.11870399117469788,\"120\":-0.02551119402050972,\"121\":0.008967315778136253,\"122\":-0.1554192453622818,\"123\":-0.020772185176610947,\"124\":0.10199322551488876,\"125\":0.011252470314502716,\"126\":0.10479917377233505,\"127\":0.02754763886332512},{\"0\":-0.12055002152919769,\"1\":0.0894785076379776,\"2\":0.05734455585479736,\"3\":0.0010032986756414175,\"4\":-0.05978579819202423,\"5\":-0.05459367483854294,\"6\":-0.0842835083603859,\"7\":-0.10715629905462265,\"8\":0.1760999858379364,\"9\":-0.07390052825212479,\"10\":0.2670058012008667,\"11\":0.016029147431254387,\"12\":-0.11824548989534378,\"13\":-0.13010308146476746,\"14\":-0.005528890993446112,\"15\":0.17650370299816132,\"16\":-0.1497909128665924,\"17\":-0.1534935086965561,\"18\":-0.08602911978960037,\"19\":-0.05182869732379913,\"20\":0.022269340232014656,\"21\":0.027489274740219116,\"22\":0.028728054836392403,\"23\":0.06708117574453354,\"24\":-0.17682033777236938,\"25\":-0.4076707661151886,\"26\":-0.11887475103139877,\"27\":-0.13824760913848877,\"28\":-0.04216242581605911,\"29\":-0.09556927531957626,\"30\":-0.05891042575240135,\"31\":0.0746411606669426,\"32\":-0.1878250390291214,\"33\":-0.08451137691736221,\"34\":0.0200228001922369,\"35\":0.10311471670866013,\"36\":0.05892771854996681,\"37\":0.02098971977829933,\"38\":0.18519791960716248,\"39\":0.02612893469631672,\"40\":-0.20014920830726624,\"41\":0.03249558061361313,\"42\":0.0831606313586235,\"43\":0.28241920471191406,\"44\":0.22363971173763275,\"45\":0.06611740589141846,\"46\":0.05261727795004845,\"47\":-0.04632392153143883,\"48\":0.06474056839942932,\"49\":-0.16886557638645172,\"50\":0.06893758475780487,\"51\":0.12353027611970901,\"52\":0.09465386718511581,\"53\":0.06646797060966492,\"54\":0.029820727184414864,\"55\":-0.10815177112817764,\"56\":-0.017974384129047394,\"57\":0.048653099685907364,\"58\":-0.13516995310783386,\"59\":-0.008455338887870312,\"60\":0.04948437213897705,\"61\":-0.07410068064928055,\"62\":-0.025603877380490303,\"63\":0.008989760652184486,\"64\":0.28221431374549866,\"65\":0.13967359066009521,\"66\":-0.0767388567328453,\"67\":-0.12075285613536835,\"68\":0.13709865510463715,\"69\":-0.16057489812374115,\"70\":-0.07261665165424347,\"71\":0.0011523716384544969,\"72\":-0.166667640209198,\"73\":-0.1476493924856186,\"74\":-0.3607257902622223,\"75\":0.04810456186532974,\"76\":0.4604702889919281,\"77\":0.07607769966125488,\"78\":-0.23849710822105408,\"79\":0.05391193553805351,\"80\":-0.10109876096248627,\"81\":-0.0219486802816391,\"82\":0.09848649054765701,\"83\":0.07241571694612503,\"84\":-0.035550788044929504,\"85\":0.028408901765942574,\"86\":-0.10341590642929077,\"87\":0.03316554054617882,\"88\":0.26091423630714417,\"89\":0.009991437196731567,\"90\":0.0036752878222614527,\"91\":0.1766999065876007,\"92\":0.004053083714097738,\"93\":0.049458011984825134,\"94\":0.07725819200277328,\"95\":0.041893430054187775,\"96\":-0.04718106985092163,\"97\":-0.0008484486606903374,\"98\":-0.13268262147903442,\"99\":0.018925897777080536,\"100\":-0.022486025467514992,\"101\":0.017171839252114296,\"102\":0.00500319991260767,\"103\":0.10098794102668762,\"104\":-0.1720074713230133,\"105\":0.09540276229381561,\"106\":0.02665163017809391,\"107\":-0.031309694051742554,\"108\":-0.019181769341230392,\"109\":0.11319203674793243,\"110\":-0.1037926897406578,\"111\":-0.156850203871727,\"112\":0.13567854464054108,\"113\":-0.18731889128684998,\"114\":0.16528604924678802,\"115\":0.16931778192520142,\"116\":-0.020153900608420372,\"117\":0.16788403689861298,\"118\":0.06724723428487778,\"119\":0.14908187091350555,\"120\":-0.061756230890750885,\"121\":0.017797648906707764,\"122\":-0.13449212908744812,\"123\":-0.014809422194957733,\"124\":0.06766121089458466,\"125\":-0.015596417710185051,\"126\":0.08746197074651718,\"127\":0.05052970349788666},{\"0\":-0.12380383908748627,\"1\":0.1454758495092392,\"2\":0.09675169736146927,\"3\":-0.011585657484829426,\"4\":-0.007174663245677948,\"5\":-0.06465598195791245,\"6\":-0.11787831038236618,\"7\":-0.11584765464067459,\"8\":0.1571982353925705,\"9\":-0.08000605553388596,\"10\":0.2592478394508362,\"11\":-0.003733056830242276,\"12\":-0.16419318318367004,\"13\":-0.05845154449343681,\"14\":0.006913210730999708,\"15\":0.14528430998325348,\"16\":-0.16310890018939972,\"17\":-0.10656417161226273,\"18\":-0.08973357081413269,\"19\":-0.01946142129600048,\"20\":-0.013578882440924644,\"21\":-0.00580029608681798,\"22\":0.021537959575653076,\"23\":0.05079495161771774,\"24\":-0.08901920169591904,\"25\":-0.33843404054641724,\"26\":-0.15042994916439056,\"27\":-0.11014758795499802,\"28\":-0.04048861935734749,\"29\":-0.08521442115306854,\"30\":-0.09316562116146088,\"31\":-0.015293920412659645,\"32\":-0.1404608190059662,\"33\":-0.10127974301576614,\"34\":0.01808362640440464,\"35\":0.050921160727739334,\"36\":0.0549907349050045,\"37\":-0.031748946756124496,\"38\":0.18800866603851318,\"39\":-0.016988001763820648,\"40\":-0.14709310233592987,\"41\":0.008665507659316063,\"42\":0.06003721058368683,\"43\":0.2442183941602707,\"44\":0.22067348659038544,\"45\":0.11984515935182571,\"46\":0.01715613529086113,\"47\":-0.06013067066669464,\"48\":0.09454263746738434,\"49\":-0.17523622512817383,\"50\":0.07731945812702179,\"51\":0.11976535618305206,\"52\":0.10900110751390457,\"53\":0.06956303119659424,\"54\":0.045731380581855774,\"55\":-0.14722572267055511,\"56\":-0.006232770625501871,\"57\":0.05825505778193474,\"58\":-0.08394563943147659,\"59\":-0.0046708774752914906,\"60\":0.04262283444404602,\"61\":-0.04314957931637764,\"62\":-0.0034427279606461525,\"63\":-0.007567629683762789,\"64\":0.28449225425720215,\"65\":0.13807368278503418,\"66\":-0.1099369078874588,\"67\":-0.09420957416296005,\"68\":0.12521301209926605,\"69\":-0.1100039854645729,\"70\":-0.06776776164770126,\"71\":-0.007735788356512785,\"72\":-0.1723671555519104,\"73\":-0.16299782693386078,\"74\":-0.3089519441127777,\"75\":0.0621061734855175,\"76\":0.44840681552886963,\"77\":0.10620874911546707,\"78\":-0.2369847148656845,\"79\":0.020750176161527634,\"80\":-0.09806697070598602,\"81\":-0.046088360249996185,\"82\":0.07393369823694229,\"83\":0.09145649522542953,\"84\":-0.07106949388980865,\"85\":0.0032537332735955715,\"86\":-0.08155610412359238,\"87\":-0.006760301999747753,\"88\":0.25250622630119324,\"89\":0.009401701390743256,\"90\":-0.026150379329919815,\"91\":0.16339705884456635,\"92\":-0.02591421641409397,\"93\":0.07554365694522858,\"94\":0.03846050798892975,\"95\":0.025110013782978058,\"96\":-0.03056204691529274,\"97\":-0.014210056513547897,\"98\":-0.13758888840675354,\"99\":0.01050575077533722,\"100\":0.026120219379663467,\"101\":0.020388539880514145,\"102\":-0.031155869364738464,\"103\":0.13743554055690765,\"104\":-0.18021844327449799,\"105\":0.0668724775314331,\"106\":0.03427409753203392,\"107\":-0.018099986016750336,\"108\":-0.004704071208834648,\"109\":0.1083102896809578,\"110\":-0.09829854220151901,\"111\":-0.12466170638799667,\"112\":0.15396614372730255,\"113\":-0.18831637501716614,\"114\":0.14591321349143982,\"115\":0.1786779910326004,\"116\":-0.010879456996917725,\"117\":0.13375787436962128,\"118\":0.06368706375360489,\"119\":0.14065691828727722,\"120\":-0.002557542407885194,\"121\":0.03983019292354584,\"122\":-0.13904336094856262,\"123\":-0.06259164959192276,\"124\":0.0811203345656395,\"125\":0.02241292968392372,\"126\":0.09756969660520554,\"127\":0.048594579100608826}]', 1, '[\"Calculo\",\"Informatica\",\"Arte\",\"activo\"]');

-- --------------------------------------------------------

--
-- Estructura de tabla para la tabla `horario`
--

CREATE TABLE `horario` (
  `id` int(11) NOT NULL,
  `asignatura` text NOT NULL,
  `seccion` varchar(10) NOT NULL,
  `profesor` text DEFAULT NULL,
  `aula` int(11) NOT NULL,
  `dias` longtext CHARACTER SET utf8mb4 COLLATE utf8mb4_bin NOT NULL CHECK (json_valid(`dias`))
) ENGINE=InnoDB DEFAULT CHARSET=latin1 COLLATE=latin1_swedish_ci;

--
-- Volcado de datos para la tabla `horario`
--

INSERT INTO `horario` (`id`, `asignatura`, `seccion`, `profesor`, `aula`, `dias`) VALUES
(35, 'Algoritmo y Programacion I', 'D', '', 12, '[{\"HoraE\":\"14:15:00\",\"HoraS\":\"16:35:00\",\"Dia\":\"Martes\"}]'),
(36, 'Calculo II', 'E', '13', 12, '[{\"HoraE\":\"14:15:00\",\"HoraS\":\"16:35:00\",\"Dia\":\"Viernes\"},{\"HoraE\":\"14:15:00\",\"HoraS\":\"16:35:00\",\"Dia\":\"Miercoles\"}]'),
(37, 'Calculo II', 'D', '', 12, '[{\"HoraE\":\"14:15:00\",\"HoraS\":\"16:35:00\",\"Dia\":\"Miercoles\"}]'),
(38, 'Lengua y literatura', 'D', '', 12, '[{\"HoraE\":\"14:15:00\",\"HoraS\":\"16:35:00\",\"Dia\":\"Miercoles\"}]'),
(40, 'Lengua y literatura', 'E', '', 12, '[{\"HoraE\":\"16:35:00\",\"HoraS\":\"18:10:00\",\"Dia\":\"Martes\"},{\"HoraE\":\"15:50:00\",\"HoraS\":\"17:20:00\",\"Dia\":\"Lunes\"}]'),
(41, 'Algoritmo y Programacion II', 'D', '', 12, '[{\"HoraE\":\"18:10\",\"HoraS\":\"20:25\",\"Dia\":\"Lunes\"}]'),
(42, 'Arte', 'E', '20', 12, '[{\"HoraE\":\"08:00\",\"HoraS\":\"09:00\",\"Dia\":\"Miercoles\"}]'),
(43, 'Ingles III', 'L', '', 12, '[{\"HoraE\":\"08:00:00\",\"HoraS\":\"10:00:00\",\"Dia\":\"Jueves\"}]'),
(44, 'Ingenieria del Software', 'A', '', 12, '[{\"HoraE\":\"15:50:00\",\"HoraS\":\"17:20:00\",\"Dia\":\"Jueves\"}]'),
(45, 'Lengua y literatura', 'L', NULL, 13, '[{\"HoraE\":\"15:50:00\",\"HoraS\":\"17:20:00\",\"Dia\":\"Martes\"},{\"HoraE\":\"15:50:00\",\"HoraS\":\"17:20:00\",\"Dia\":\"Viernes\"},{\"HoraE\":\"18:10:00\",\"HoraS\":\"20:25:00\",\"Dia\":\"Lunes\"}]'),
(46, 'Algoritmo y Programacion I', 'D', '8', 12, '[{\"HoraE\":\"14:15:00\",\"HoraS\":\"16:35:00\",\"Dia\":\"Lunes\"},{\"HoraE\":\"16:35:00\",\"HoraS\":\"18:10:00\",\"Dia\":\"Lunes\"},{\"HoraE\":\"18:10:00\",\"HoraS\":\"20:25:00\",\"Dia\":\"Lunes\"},{\"HoraE\":\"14:15:00\",\"HoraS\":\"16:35:00\",\"Dia\":\"Martes\"},{\"HoraE\":\"16:35:00\",\"HoraS\":\"18:10:00\",\"Dia\":\"Martes\"},{\"HoraE\":\"18:10:00\",\"HoraS\":\"20:25:00\",\"Dia\":\"Martes\"},{\"HoraE\":\"14:15:00\",\"HoraS\":\"16:35:00\",\"Dia\":\"Miercoles\"},{\"HoraE\":\"16:35:00\",\"HoraS\":\"18:10:00\",\"Dia\":\"Miercoles\"},{\"HoraE\":\"18:10:00\",\"HoraS\":\"20:25:00\",\"Dia\":\"Miercoles\"}]'),
(47, 'Algoritmo y Programacion I', 'M', '8', 12, '[{\"HoraE\":\"18:10:00\",\"HoraS\":\"20:25:00\",\"Dia\":\"Viernes\"}]');

-- --------------------------------------------------------

--
-- Estructura de tabla para la tabla `horas`
--

CREATE TABLE `horas` (
  `id` int(11) NOT NULL,
  `entrada` time NOT NULL,
  `salida` time NOT NULL
) ENGINE=InnoDB DEFAULT CHARSET=utf8mb4 COLLATE=utf8mb4_general_ci;

--
-- Volcado de datos para la tabla `horas`
--

INSERT INTO `horas` (`id`, `entrada`, `salida`) VALUES
(7, '14:15:00', '16:35:00'),
(8, '15:50:00', '17:20:00'),
(9, '16:35:00', '18:10:00'),
(10, '17:25:00', '18:55:00'),
(11, '18:10:00', '20:25:00'),
(12, '08:00:00', '09:00:00'),
(13, '08:00:00', '10:00:00');

-- --------------------------------------------------------

--
-- Estructura de tabla para la tabla `materias`
--

CREATE TABLE `materias` (
  `id` int(11) NOT NULL,
  `nombre` text NOT NULL
) ENGINE=InnoDB DEFAULT CHARSET=utf8mb4 COLLATE=utf8mb4_general_ci;

--
-- Volcado de datos para la tabla `materias`
--

INSERT INTO `materias` (`id`, `nombre`) VALUES
(27, 'Calculo I'),
(30, 'Lengua y literatura'),
(37, 'Algoritmo y Programacion I'),
(38, 'Algoritmo y Programacion II'),
(39, 'Calculo II'),
(41, 'Ingenieria del Software'),
(43, 'Matematica I'),
(45, 'Introducción a la informatica'),
(46, 'Ingles I'),
(47, 'Ingles II'),
(48, 'Ingles III');

-- --------------------------------------------------------

--
-- Estructura de tabla para la tabla `secciones`
--

CREATE TABLE `secciones` (
  `numero` text NOT NULL
) ENGINE=InnoDB DEFAULT CHARSET=utf8mb4 COLLATE=utf8mb4_general_ci;

--
-- Volcado de datos para la tabla `secciones`
--

INSERT INTO `secciones` (`numero`) VALUES
('A'),
('B'),
('C'),
('D'),
('E'),
('F'),
('G'),
('H'),
('I'),
('J'),
('K'),
('L'),
('M'),
('N'),
('Ñ'),
('O'),
('P'),
('Q'),
('R'),
('S'),
('T'),
('U'),
('V'),
('W'),
('X'),
('Y'),
('Z');

-- --------------------------------------------------------

--
-- Estructura de tabla para la tabla `usuarios`
--

CREATE TABLE `usuarios` (
  `id` int(11) NOT NULL,
  `usuario` varchar(50) NOT NULL,
  `password` varchar(255) NOT NULL,
  `rol` enum('admin','viewer') NOT NULL
) ENGINE=InnoDB DEFAULT CHARSET=utf8mb4 COLLATE=utf8mb4_general_ci;

--
-- Volcado de datos para la tabla `usuarios`
--

INSERT INTO `usuarios` (`id`, `usuario`, `password`, `rol`) VALUES
(4, 'abraham', '$2y$10$RmblBSYdKABWR.Kd2e6LH.ejDmYuQowrfYPjdCglrceFJomTo/V5C', 'admin'),
(5, 'usuario_viewer', '$2y$10$PW7NZvM3xwgPD7mfMDe3Zu3sQrH4jImi//wiSbpr.1J2jWv9FrMWu', 'viewer');

--
-- Índices para tablas volcadas
--

--
-- Indices de la tabla `asistencia`
--
ALTER TABLE `asistencia`
  ADD PRIMARY KEY (`id`);

--
-- Indices de la tabla `caras`
--
ALTER TABLE `caras`
  ADD PRIMARY KEY (`id`);

--
-- Indices de la tabla `horario`
--
ALTER TABLE `horario`
  ADD PRIMARY KEY (`id`);

--
-- Indices de la tabla `horas`
--
ALTER TABLE `horas`
  ADD PRIMARY KEY (`id`);

--
-- Indices de la tabla `materias`
--
ALTER TABLE `materias`
  ADD PRIMARY KEY (`id`);

--
-- Indices de la tabla `usuarios`
--
ALTER TABLE `usuarios`
  ADD PRIMARY KEY (`id`),
  ADD UNIQUE KEY `usuario` (`usuario`);

--
-- AUTO_INCREMENT de las tablas volcadas
--

--
-- AUTO_INCREMENT de la tabla `asistencia`
--
ALTER TABLE `asistencia`
  MODIFY `id` int(11) NOT NULL AUTO_INCREMENT, AUTO_INCREMENT=4;

--
-- AUTO_INCREMENT de la tabla `caras`
--
ALTER TABLE `caras`
  MODIFY `id` int(11) NOT NULL AUTO_INCREMENT, AUTO_INCREMENT=21;

--
-- AUTO_INCREMENT de la tabla `horario`
--
ALTER TABLE `horario`
  MODIFY `id` int(11) NOT NULL AUTO_INCREMENT, AUTO_INCREMENT=48;

--
-- AUTO_INCREMENT de la tabla `horas`
--
ALTER TABLE `horas`
  MODIFY `id` int(11) NOT NULL AUTO_INCREMENT, AUTO_INCREMENT=14;

--
-- AUTO_INCREMENT de la tabla `materias`
--
ALTER TABLE `materias`
  MODIFY `id` int(11) NOT NULL AUTO_INCREMENT, AUTO_INCREMENT=49;

--
-- AUTO_INCREMENT de la tabla `usuarios`
--
ALTER TABLE `usuarios`
  MODIFY `id` int(11) NOT NULL AUTO_INCREMENT, AUTO_INCREMENT=7;
COMMIT;

/*!40101 SET CHARACTER_SET_CLIENT=@OLD_CHARACTER_SET_CLIENT */;
/*!40101 SET CHARACTER_SET_RESULTS=@OLD_CHARACTER_SET_RESULTS */;
/*!40101 SET COLLATION_CONNECTION=@OLD_COLLATION_CONNECTION */;
